<?xml version="1.0" encoding="UTF-8"?>
<project-private xmlns="http://www.netbeans.org/ns/project-private/1">
    <editor-bookmarks xmlns="http://www.netbeans.org/ns/editor-bookmarks/2" lastBookmarkId="0"/>
    <open-files xmlns="http://www.netbeans.org/ns/projectui-open-files/2">
        <group>
            <file>file:/C:/Users/kanar/OneDrive/Documents/NetBeansProjects/Shop/src/EmployeeFrame.java</file>
            <file>file:/C:/Users/kanar/OneDrive/Documents/NetBeansProjects/Shop/src/stage_3/Product.java</file>
            <file>file:/C:/Users/kanar/OneDrive/Documents/NetBeansProjects/Shop/src/PromotionFrame.java</file>
            <file>file:/C:/Users/kanar/OneDrive/Documents/NetBeansProjects/Shop/src/stage_3/Employee.java</file>
            <file>file:/C:/Users/kanar/OneDrive/Documents/NetBeansProjects/Shop/src/data/employee.csv</file>
            <file>file:/C:/Users/kanar/OneDrive/Documents/NetBeansProjects/Shop/src/ManagerFrame.java</file>
            <file>file:/C:/Users/kanar/OneDrive/Documents/NetBeansProjects/Shop/src/data/client.csv</file>
            <file>file:/C:/Users/kanar/OneDrive/Documents/NetBeansProjects/Shop/src/stage_3/Client.java</file>
            <file>file:/C:/Users/kanar/OneDrive/Documents/NetBeansProjects/Shop/src/data/sale.csv</file>
            <file>file:/C:/Users/kanar/OneDrive/Documents/NetBeansProjects/Shop/src/stage_3/Sale.java</file>
            <file>file:/C:/Users/kanar/OneDrive/Documents/NetBeansProjects/Shop/src/stage_3/Manager.java</file>
            <file>file:/C:/Users/kanar/OneDrive/Documents/NetBeansProjects/Shop/src/SalesFrame.java</file>
            <file>file:/C:/Users/kanar/OneDrive/Documents/NetBeansProjects/Shop/src/data/product.csv</file>
            <file>file:/C:/Users/kanar/OneDrive/Documents/NetBeansProjects/Shop/src/MainFrame.java</file>
            <file>file:/C:/Users/kanar/OneDrive/Documents/NetBeansProjects/Shop/src/ProductFrame.java</file>
            <file>file:/C:/Users/kanar/OneDrive/Documents/NetBeansProjects/Shop/src/data/promotion.csv</file>
            <file>file:/C:/Users/kanar/OneDrive/Documents/NetBeansProjects/Shop/src/stage_3/Person.java</file>
            <file>file:/C:/Users/kanar/OneDrive/Documents/NetBeansProjects/Shop/src/ClientFrame.java</file>
            <file>file:/C:/Users/kanar/OneDrive/Documents/NetBeansProjects/Shop/src/data/manager.csv</file>
        </group>
    </open-files>
</project-private>
